{"sane": true, "normalizes": true, "log_prob": -955.5216283700429, "avg_log_prob": -1.9110432567400857, "perplexity": 6.760137680194079}